date,name,count
2019-07-15,https://app.graphitedocs.com,9399
2019-07-15,https://xordrive.io,4047
2019-07-15,https://www.stealthy.im,3435
2019-07-15,https://app.recall.photos,2576
2019-07-15,https://app.travelstack.club,1743
2019-07-15,https://app.dmail.online,1685
2019-07-15,https://app.afari.io,1389
2019-07-15,https://kit.st,1230
2019-07-15,https://app.forms.id,1207
2019-07-15,https://dpage.io,1018
2019-07-15,https://app.sigle.io,992
2019-07-15,https://bitpatron.co,961
2019-07-15,https://www.chat.hihermes.co,951
2019-07-15,https://app.dappywallet.com,946
2019-07-15,https://app.misthos.io,781
2019-07-15,https://airtext.xyz,725
2019-07-15,https://landr.me,716
2019-07-15,https://chat.postly.co,712
2019-07-15,https://app.decs.xyz,651
2019-07-15,https://blockusign.co,621
2019-07-15,https://app.pden.xyz,545
2019-07-15,https://xorbrowser.com,520
2019-07-15,https://blackhole.run,515
2019-07-15,https://publishing.graphitedocs.com,499
2019-07-15,https://animalkingdoms.netlify.com,482
2019-07-15,https://blockslack.io,461
2019-07-15,https://paid.co,455
2019-07-15,https://debutapp.social,432
2019-07-15,https://www.agorashops.net,400
2019-07-15,https://dapp.cryptocracy.io,393
2019-07-15,https://aodh.xyz,391
2019-07-15,https://chat.openintents.org,301
2019-07-15,https://cineflick.herokuapp.com,289
2019-07-15,https://humans.name,248
2019-07-15,https://sad-beaver-fdf6b1.netlify.com,246
2019-07-15,https://bentensound.com,235
2019-07-15,https://envelop.app,232
2019-07-15,https://www.scannieapp.com,224
2019-07-15,https://www.locallightning.net,218
2019-07-15,https://radicle.art,217
2019-07-15,https://cal.openintents.org,216
2019-07-15,https://blkbreakout.herokuapp.com,208
2019-07-15,https://app.mylens.io,198
2019-07-15,https://blockogram.com,196
2019-07-15,https://testnet.misthos.io,192
2019-07-15,https://safenotes.co,183
2019-07-15,https://justsnake.live,164
2019-07-15,https://blocksurvey.org,158
2019-07-15,http://127.0.0.1:3000,154
2019-07-15,https://yournote.app,154
2019-07-15,https://fupio.com,153
2019-07-15,https://decentus.com,148
2019-07-15,https://oi-timesheet.com,148
2019-07-15,https://app.trovenow.com,145
2019-07-15,https://cafe-society.news,142
2019-07-15,https://latticenow.co,138
2019-07-15,https://agaze.co,133
2019-07-15,http://publik.ykliao.com,132
2019-07-15,https://banter.pub,124
2019-07-15,https://beta.springrole.com,120
2019-07-15,https://blockstackboard.org,120
2019-07-15,https://cineflick.net,120
2019-07-15,https://concord.z19.web.core.windows.net,114
2019-07-15,https://bitcamp.blockboardapp.com,113
2019-07-15,https://sheety.app,106
2019-07-15,https://app.blockcred.io,103
2019-07-15,https://mapped.myasoedv.com,101
2019-07-15,https://blocknote.xyz,100
2019-07-15,https://web.composenotes.com,93
2019-07-15,https://pgeon.com,92
2019-07-15,https://peaceful-mirzakhani-b5f196.netlify.com,87
2019-07-15,https://www.mindtalk.app,87
2019-07-15,https://lannister.capital,86
2019-07-15,https://remark.cryptocracy.io,86
2019-07-15,https://mysterycommand.github.io,84
2019-07-15,https://properpass.top,82
2019-07-15,http://fupio.com,80
2019-07-15,https://friendlink.netlify.com,80
2019-07-15,https://bitcoin4photos.net,78
2019-07-15,https://www.dmyblog.co,74
2019-07-15,https://micasaestucasa.me,73
2019-07-15,https://youthful-spence-bbda8a.netlify.com,72
2019-07-15,https://ares.hankstoever.com,68
2019-07-15,https://milacrm.com,66
2019-07-15,https://dappcrosscheck.paradigma.global,61
2019-07-15,https://publik.test-blockstack.com,58
2019-07-15,https://www.dhcs.live,57
2019-07-15,https://chae.sh,57
2019-07-15,https://cryptoally.io,56
2019-07-15,https://drelloapp.com,53
2019-07-15,https://timski.org:444,51
2019-07-15,https://beta.huddle.group,51
2019-07-15,https://ourtopia.co,50
2019-07-15,https://gekri.com,49
2019-07-15,https://rtasks.app,48
2019-07-15,https://dfmapp.com,46
2019-07-15,https://detacts.ga,44
2019-07-15,https://codeplay.dev,43
2019-07-15,https://app.yobi.xyz,42
2019-07-15,https://www.superchatbot.net,40
2019-07-15,https://www.sentify.org,40
2019-07-15,https://block.lawli.io,40
2019-07-15,https://blockx-socialapp.herokuapp.com,38
2019-07-15,https://www.app.referenda.io,38
2019-07-15,https://cafe-society.netlify.com,38
2019-07-15,https://lettermesh.com,37
2019-07-15,https://app.bcnet.io,36
2019-07-15,https://www.notit.org,36
2019-07-15,https://blocktrivia.co,35
2019-07-15,http://app.graphitedocs.com,35
2019-07-15,https://proofs.tech,34
2019-07-15,https://stupefied-poincare-e5cfbc.netlify.com,32
2019-07-15,https://dhcs.netlify.com,32
2019-07-15,https://app-center.openintents.org,28
2019-07-15,https://alpha.qulstamp.com,27
2019-07-15,https://updoot.org,27
2019-07-15,http://127.0.0.1:8080,25
2019-07-15,https://serene-hamilton-56e88e.netlify.com,24
2019-07-15,https://dbid.io,23
2019-07-15,https://pocbp.azurewebsites.net,22
2019-07-15,http://185.85.16.242:8001,21
2019-07-15,https://www.web.stealthy.im,20
2019-07-15,https://app.ezresize.tech,20
2019-07-15,https://friendly-hoover-6d2b94.netlify.com,20
2019-07-15,https://demo.blockcred.io,19
2019-07-15,https://priceless-raman-53e2a8.netlify.com,19
2019-07-15,https://www.myblockspace.com,18
2019-07-15,https://pastebucket.io,18
2019-07-15,https://staging.banter.pub,17
2019-07-15,https://pedantic-mahavira-f15d04.netlify.com,17
2019-07-15,https://trove-web.netlify.com,16
2019-07-15,https://testnet.dmail.online,16
2019-07-15,https://piklink.netlify.com,16
2019-07-15,https://matrix.openintents.org,16
2019-07-15,https://focused-rosalind-344827.netlify.com,15
2019-07-15,https://keeperprofiles.appspot.com,15
2019-07-15,https://staging.misthos.io,14
2019-07-15,https://thepaise.com,14
2019-07-15,https://wmtp.bitbucket.io,13
2019-07-15,https://planet.friedger.de,13
2019-07-15,https://payday.now.sh,12
2019-07-15,https://kit.now.sh,12
2019-07-15,https://sketch.riot.ai,12
2019-07-15,https://blockchatapp.herokuapp.com,12
2019-07-15,https://animal-kingdom-1.firebaseapp.com,11
2019-07-15,http://awesome-northcutt-afeef6.netlify.com,11
2019-07-15,https://tribe-chat.herokuapp.com,10
2019-07-15,https://prismreader.app,10
2019-07-15,https://zewail.blockcred.io,10
2019-07-15,https://keeperprofiles.com,10
2019-07-15,https://awesome-northcutt-afeef6.netlify.com,10
2019-07-15,https://decentralised-islands.netlify.com,9
2019-07-15,http://127.0.0.1:3001,9
2019-07-15,http://dcms.brightblock.org,9
2019-07-15,https://dev.decs.xyz,9
2019-07-15,https://whenhub-blockstack-oauth.azurewebsites.net,9
2019-07-15,https://gallant-sinoussi-734e73.netlify.com,9
2019-07-15,https://staging-publishing.graphitedocs.com,9
2019-07-15,https://18.222.91.187:8002,9
2019-07-15,http://blockx-socialapp.herokuapp.com,9
2019-07-15,https://mindtalk.app,9
2019-07-15,https://dshare-blockstack.herokuapp.com,8
2019-07-15,https://4ork.netlify.com,8
2019-07-15,https://octokitties-cc0b2.firebaseapp.com,8
2019-07-15,https://wage.pm,8
2019-07-15,https://www.keeperprofiles.com,8
2019-07-15,https://www.sybella.io,8
2019-07-15,https://sheetyapp.azurewebsites.net,7
2019-07-15,https://www.textlibrary.co,7
2019-07-15,https://amazing-bell-39b882.netlify.com,7
2019-07-15,https://paise.netlify.com,7
2019-07-15,https://blockstack-ump.herokuapp.com,7
2019-07-15,https://gaia_admin.brightblock.org,7
2019-07-15,https://blockusign.azurewebsites.net,7
2019-07-15,https://shaieste.gitlab.io/,7
2019-07-15,https://www.justsnake.live,6
2019-07-15,http://blkbreakout.herokuapp.com,6
2019-07-15,http://18.188.34.104,6
2019-07-15,https://develop--hungry-lamarr-cfbb1a.netlify.com,6
2019-07-15,https://chat.hihermes.co,6
2019-07-15,https://heywebby.app,6
2019-07-15,http://www.stealthy.im,6
2019-07-15,http://keeperprofiles.appspot.com,6
2019-07-15,https://quizzical-heisenberg-d3c37c.netlify.com,6
2019-07-15,http://proto.galanimail.org,6
2019-07-15,https://festive-bhabha-7e881b.netlify.com,6
2019-07-15,https://testnet.blockcred.io,6
2019-07-15,https://beta-dev.springrole.com,6
2019-07-15,https://www.milacrm.com,6
2019-07-15,https://stage.coins.engineering,6
2019-07-15,https://b4pwebdev.azurewebsites.net,6
2019-07-15,https://zen-thompson-59a12f.netlify.com,6
2019-07-15,https://staging.transit8.com,6
2019-07-15,https://pressure.carolkng.com,5
2019-07-15,https://alpha.clove.app,5
2019-07-15,https://cryptocracy-sandbox-001.netlify.com,5
2019-07-15,http://sybella.io,5
2019-07-15,https://www.ourtopia.co,5
2019-07-15,https://streetcoin.nz,5
2019-07-15,https://banter-radiks-staging-pr-26.herokuapp.com,5
2019-07-15,http://www.chat.hihermes.co,5
2019-07-15,https://lattice.centralindia.cloudapp.azure.com,5
2019-07-15,https://friendly-noether-b006cc.netlify.com,5
2019-07-15,https://www.brightblock.org,5
2019-07-15,https://paidapp.paid.now.sh,5
2019-07-15,https://animalskingdoms.netlify.com,5
2019-07-15,https://condescending-fermat-e43740.netlify.com,5
2019-07-15,https://publish-dev.aws.mbusa.com,5
2019-07-15,https://cocky-spence-96f8bc.netlify.com,5
2019-07-15,https://dhasdk.bitbucket.io,5
2019-07-15,https://flamboyant-darwin-d11c17.netlify.com,5
2019-07-15,https://eats-money-do-not-use.netlify.com,5
2019-07-15,http://todos.local:8080,5
2019-07-15,https://kanstack.herokuapp.com,5
2019-07-15,https://mystifying-montalcini-5975b6.netlify.com,4
2019-07-15,https://priceless-thompson-9fca9e.netlify.com,4
2019-07-15,http://blockstack-hires.wbobeirne.com,4
2019-07-15,https://app.benison.xyz,4
2019-07-15,https://musing-jennings-9a8c76.netlify.com,4
2019-07-15,https://latticeblockstack.z29.web.core.windows.net,4
2019-07-15,http://app.travelstack.club,4
2019-07-15,https://quizzical-hamilton-c15107.netlify.com,4
2019-07-15,http://9ae885fd.ngrok.io,4
2019-07-15,https://stackarius.cogarius.com,4
2019-07-15,http://coet.coeus-solutions.de,4
2019-07-15,https://staging--objective-wiles-65a1ef.netlify.com,4
2019-07-15,http://postly.ngrok.io,4
2019-07-15,https://competent-pare-326e43.netlify.com,4
2019-07-15,https://ovum.io,4
2019-07-15,https://detrade.me,4
2019-07-15,https://farfrogs.rezervatorul.ro,4
2019-07-15,https://hodor-dapp.web.app,4
2019-07-15,http://127.0.0.1:5000,4
2019-07-15,https://brightblock.org,4
2019-07-15,http://127.0.0.1:4200,4
2019-07-15,https://cocky-montalcini-e9b713.netlify.com,4
2019-07-15,https://animalkingdome.netlify.com,4
2019-07-15,http://publish1-dev.aws.mbusa.com:4503,4
2019-07-15,https://d.anish.io,4
2019-07-15,http://34d0c4f2.ngrok.io,4
2019-07-15,https://cryptocracy-wallet-debug.netlify.com,4
2019-07-15,https://transit8.com,4
2019-07-15,https://clipbox.in-progress.com,4
2019-07-15,http://dev.qulstamp.com,4
2019-07-15,https://stackarius.blocklistener.com,4
2019-07-15,https://frosty-dijkstra-f55a54.netlify.com,4
2019-07-15,https://replay.cryptocracy.io,4
2019-07-15,https://client-syd.netlify.com,4
2019-07-15,http://decinnov.com:8080,4
2019-07-15,https://blockusign-test.azurewebsites.net,4
2019-07-15,https://pokemonkingdom.armujahid.me,4
2019-07-15,https://tt.bitpatron.co,3
2019-07-15,https://musing-rosalind-a655ba.netlify.com,3
2019-07-15,https://blockstack-app.firebaseapp.com,3
2019-07-15,https://blissful-hodgkin-6062b1.netlify.com,3
2019-07-15,https://pensive-tereshkova-29c564.netlify.com,3
2019-07-15,https://sad-wilson-2f844e.netlify.com,3
2019-07-15,http://127.0.0.1:8080/,3
2019-07-15,https://reverent-newton-f66a3f.netlify.com,3
2019-07-15,https://jovial-ramanujan-1596f4.netlify.com,3
2019-07-15,https://hodor-daap.web.app,3
2019-07-15,https://beta.sigle.io,3
2019-07-15,https://practical-joliot-6c77e0.netlify.com,3
2019-07-15,https://boring-ptolemy-819fbc.netlify.com,3
2019-07-15,https://epic-yalow-f35449.netlify.com,3
2019-07-15,https://staging.brightblock.org,3
2019-07-15,https://staging.graphitedocs.com,3
2019-07-15,https://test.misthos.io,3
2019-07-15,https://gracious-elion-08d8b6.netlify.com,3
2019-07-15,http://www.brightblock.org,3
2019-07-15,https://w3b3-26bcfc.netlify.com,3
2019-07-15,https://still-inlet-32997.herokuapp.com,3
2019-07-15,https://decentralized-contacts.herokuapp.com,3
2019-07-15,http://178.79.138.62,3
2019-07-15,https://hungry-wiles-ddb112.netlify.com,3
2019-07-15,https://elastic-yalow-5d7c5a.netlify.com,3
2019-07-15,https://galanimail-d637d.firebaseapp.com,3
2019-07-15,https://upbeat-williams-577db4.netlify.com,3
2019-07-15,https://deploy-preview-20--flamboyant-montalcini-c6aae8.netlify.com,3
2019-07-15,https://deploy-preview-53--stoic-pare-596843.netlify.com,3
2019-07-15,https://hungry-wilson-249b01.netlify.com,3
2019-07-15,https://5aa4d1c1.ngrok.io,3
2019-07-15,https://61d7a65a.ngrok.io,3
2019-07-15,https://notelayout2--infallible-williams-866040.netlify.com,3
2019-07-15,http://8092dc36.ngrok.io,3
2019-07-15,http://dapp.crosscheck.paradigma.global:3000,3
2019-07-15,https://animalkingdom5th.netlify.com,3
2019-07-15,http://5710a1b6.ngrok.io,3
2019-07-15,https://animal-kingdom.djnicholson.com,3
2019-07-15,https://jovial-almeida-f5569d.netlify.com,3
2019-07-15,https://hopeful-mcclintock-559a85.netlify.com,3
2019-07-15,https://banter-radiks-staging-pr-41.herokuapp.com,3
2019-07-15,http://39e26b5b.ngrok.io,3
2019-07-15,http://f7da0bf0.ngrok.io,3
2019-07-15,https://friendly-almeida-fc7ff8.netlify.com,3
2019-07-15,https://cryptokickz.net,3
2019-07-15,http://f60a6811.ngrok.io,3
2019-07-15,https://musing-joliot-453693.netlify.com,3
2019-07-15,https://thirsty-mcnulty-237372.netlify.com,3
2019-07-15,https://nervous-johnson-e8758f.netlify.com,3
2019-07-15,http://e1bbab95.ngrok.io,3
2019-07-15,http://127.0.0.1:4000,3
2019-07-15,http://fe1520fc.ngrok.io,3
2019-07-15,https://stage.unpublished.app,3
2019-07-15,https://www.transit8.com,3
2019-07-15,https://wonderful-benz-f442d5.netlify.com,3
2019-07-15,https://awesome-wiles-d23b46.netlify.com,3
2019-07-15,http://127.0.0.1,3
2019-07-15,https://vac-acc-ehr-patient.netlify.com,3
2019-07-15,https://deploy-preview-28--envelop-web.netlify.com,3
2019-07-15,https://www.foodrover.info,3
2019-07-15,https://joli-chocolatine-35019.herokuapp.com,3
2019-07-15,https://nifty-edison-be7f52.netlify.com,3
2019-07-15,https://deploy-preview-23--stoic-pare-596843.netlify.com,3
2019-07-15,http://10.196.105.155:8080,3
2019-07-15,https://joli-vin-92975.herokuapp.com,3
2019-07-15,https://valsanimalkingdom.netlify.com,3
2019-07-15,https://gallant-volhard-0ab9bf.netlify.com,3
2019-07-15,https://epic-murdock-ed407f.netlify.com,3
2019-07-15,http://906bddb9.ngrok.io,3
2019-07-15,https://www.feed-app.net,3
2019-07-15,https://amazing-austin-21f33f.netlify.com,3
2019-07-15,https://quirky-meitner-22ea5a.netlify.com,3
2019-07-15,https://zen-poincare-743126.netlify.com,3
2019-07-15,https://deploy-preview-37--stoic-pare-596843.netlify.com,3
2019-07-15,https://192.168.0.10:8080,3
2019-07-15,http://www.keeperprofiles.appspot.com,3
2019-07-15,https://serene-golick-e5bb4e.netlify.com,3
2019-07-15,https://practical-fermat-f46a63.netlify.com,3
2019-07-15,https://eager-snyder-3ee638.netlify.com,3
2019-07-15,https://blackhole.run/,3
2019-07-15,https://quirky-booth-4cee6d.netlify.com,3
2019-07-15,https://angry-murdock-a2700c.netlify.com,3
2019-07-15,https://test.forms.id,3
2019-07-15,https://hopeful-kirch-f5a0ce.netlify.com,3
2019-07-15,https://mystifying-bardeen-983642.netlify.com,3
2019-07-15,https://vigilant-goldberg-43a99e.netlify.com,3
2019-07-15,https://condescending-colden-8494ff.netlify.com,2
2019-07-15,http://10.200.200.43:8080,2
2019-07-15,http://10.195.28.143:8080,2
2019-07-15,https://usecoinsappco-jtyoqpbkny.now.sh,2
2019-07-15,https://rune.norderhaug.name,2
2019-07-15,https://dhcs.live,2
2019-07-15,https://blockstagram.netlify.com,2
2019-07-15,https://ab1d3593.ngrok.io,2
2019-07-15,https://029e9df7.ngrok.io,2
2019-07-15,https://epic-kirch-0d81b5.netlify.com,2
2019-07-15,https://eeb9053f.ngrok.io,2
2019-07-15,https://1628f42b.ngrok.io,2
2019-07-15,https://trusting-stonebraker-af1ebc.netlify.com,2
2019-07-15,https://youthful-leavitt-0418c0.netlify.com,2
2019-07-15,https://boring-bohr-1651c7.netlify.com,2
2019-07-15,https://zealous-mclean-75304f.netlify.com,2
2019-07-15,https://inspiring-swartz-b34c0e.netlify.com,2
2019-07-15,https://inspiring-spence-5714e5.netlify.com,2
2019-07-15,https://modest-dijkstra-a9343c.netlify.com,2
2019-07-15,https://docky-meninsky-b5f573.netlify.com,2
2019-07-15,https://nostalgic-darwin-f50fab.netlify.com,2
2019-07-15,https://sad-bhabha-656055.netlify.com,2
2019-07-15,https://inspiring-goldwasser-7a68cd.netlify.com,2
2019-07-15,https://festive-benz-709427.netlify.com,2
2019-07-15,https://priceless-noyce-5b2a91.netlify.com,2
2019-07-15,https://affectionate-kilby-515d7c.netlify.com,2
2019-07-15,https://sn-animal-kingdom.netlify.com,2
2019-07-15,https://wonderful-noyce-e06ea4.netlify.com,2
2019-07-15,https://wizardly-roentgen-791914.netlify.com,2
2019-07-15,https://upbeat-mccarthy-43697d.netlify.com,2
2019-07-15,https://laughing-heisenberg-a87a8f.netlify.com,2
2019-07-15,https://eager-galileo-36deaa.netlify.com,2
2019-07-15,http://www.sybella.io,2
2019-07-15,https://priceless-wilson-8e57b1.netlify.com,2
2019-07-15,https://blissful-poitras-112429.netlify.com,2
2019-07-15,https://fervent-kalam-a029a8.netlify.com,2
2019-07-15,https://nervous-bardeen-84fa52.netlify.com,2
2019-07-15,http://pineal.lh,2
2019-07-15,https://lljripx.000webhostapp.com,2
2019-07-15,https://naughty-bhaskara-17b05c.netlify.com,2
2019-07-15,https://upbeat-cray-a4b75b.netlify.com,2
2019-07-15,https://eager-boyd-c9beb0.netlify.com,2
2019-07-15,https://bs.onhoot.com/,2
2019-07-15,https://5c6ec12b8abdc00008f8287d--upbeat-wing-158214.netlify.com,2
2019-07-15,https://my1stblckapp.netlify.com,2
2019-07-15,https://sad-albattani-b59b7a.netlify.com,2
2019-07-15,https://deploy-preview-17--priceless-raman-53e2a8.netlify.com,2
2019-07-15,https://goofy-wiles-965268.netlify.com,2
2019-07-15,https://silly-joliot-e3dbed.netlify.com,2
2019-07-15,https://quirky-mcnulty-bc977b.netlify.com,2
2019-07-15,https://deploy-preview-22--stoic-pare-596843.netlify.com,2
2019-07-15,https://www.lettermesh.com,2
2019-07-15,https://gracious-newton-ea74fd.netlify.com,2
2019-07-15,https://musing-mcclintock-2e6e1a.netlify.com,2
2019-07-15,https://banter-radiks-staging-pr-24.herokuapp.com,2
2019-07-15,https://unruffled-jennings-f51797.netlify.com,2
2019-07-15,http://galanimail.org,2
2019-07-15,http://chat.hihermes.co,2
2019-07-15,https://mystifying-hugle-0685a9.netlify.com,2
2019-07-15,https://deploy-preview-52--stoic-pare-596843.netlify.com,2
2019-07-15,https://blockright.moochain.com,2
2019-07-15,http://35.231.45.59:1900,2
2019-07-15,http://blockchatapp.herokuapp.com,2
2019-07-15,https://dphone.azurewebsites.net,2
2019-07-15,https://condescending-wright-e66128.netlify.com,2
2019-07-15,https://hardcore-mcclintock-a6dc09.netlify.com,2
2019-07-15,https://elated-tereshkova-5fecd7.netlify.com,2
2019-07-15,https://skillwallet.z29.web.core.windows.net,2
2019-07-15,https://5d112a70dbc30d000810fd50--cafe-society-scratch.netlify.com,2
2019-07-15,https://animal-kingdom.netlify.com,2
2019-07-15,https://contactfaves--w3b3-26bcfc.netlify.com,2
2019-07-15,http://mypublickey.ngrok.io,2
2019-07-15,https://pedantic-mahavira-f15d04.netlify.com/,2
2019-07-15,https://mystifying-wiles-555dcb.netlify.com,2
2019-07-15,https://practical-stallman-b41995.netlify.com,2
2019-07-15,https://cafe-society-scratch.netlify.com,2
2019-07-15,https://dcms.brightblock.org,2
2019-07-15,https://mam-local.brightblock.org,2
2019-07-15,https://5d13b95eacecf3000d9e3654--flamboyant-montalcini-c6aae8.netlify.com,2
2019-07-15,https://602a09f7.ngrok.io,2
2019-07-15,https://cafe-society-develop.netlify.com,2
2019-07-15,https://person8.in-progress.com,2
2019-07-15,https://graphite--infallible-williams-866040.netlify.com,2
2019-07-15,https://adoring-hamilton-e4d10d.netlify.com,2
2019-07-15,https://dreamy-edison-0a9b55.netlify.com,2
2019-07-15,https://optimistic-kare-baec0e.netlify.com,2
2019-07-15,http://192.168.1.21:5000,2
2019-07-15,https://9c02d0a7.ngrok.io,2
2019-07-15,https://blockstack-app.web.app,2
2019-07-15,https://youthful-darwin-4413ce.netlify.com,2
2019-07-15,https://distracted-saha-09847b.netlify.com,2
2019-07-15,https://dappform.takectrl.io,2
2019-07-15,http://04a0d7da.ngrok.io,2
2019-07-15,https://goofy-yalow-a092bc.netlify.com,2
2019-07-15,https://manifest-54330.firebaseapp.com,2
2019-07-15,https://compassionate-heyrovsky-c539c0.netlify.com,2
2019-07-15,https://pre-kingdom-336989.netlify.com,2
2019-07-15,https://profiles-228206.appspot.com,2
2019-07-15,https://naughty-williams-f3fae0.netlify.com,2
2019-07-15,https://foodrover.info,2
2019-07-15,https://hungry-pike-6e2577.netlify.com,2
2019-07-15,https://38f3b0b7.ngrok.io,2
2019-07-15,https://dazzling-ptolemy-1e1411.netlify.com,2
2019-07-15,https://gifted-elion-8ce162.netlify.com,2
2019-07-15,https://trusting-haibt-e87237.netlify.com,2
2019-07-15,https://www.mindyou.io,2
2019-07-15,https://silly-clarke-a3f96f.netlify.com,2
2019-07-15,https://frosty-leakey-8a24d2.netlify.com,2
2019-07-15,https://elastic-pike-f6a886.netlify.com,2
2019-07-15,https://5c92e652079b1078e7b2565d--festive-pike-1dba0c.netlify.com,2
2019-07-15,https://sso.organicdesign.nz,2
2019-07-15,https://eloquent-kepler-13171c.netlify.com,2
2019-07-15,https://testing--w3b3-26bcfc.netlify.com,2
2019-07-15,https://youthful-snyder-19f045.netlify.com,2
2019-07-15,https://testing.unpublished.app,2
2019-07-15,https://rorysanimalkingdoms.netlify.com,2
2019-07-15,https://arnkoh.bitbucket.io,2
2019-07-15,https://stoic-pare-596843.netlify.com,2
2019-07-15,https://ecstatic-bassi-8c50b5.netlify.com,2
2019-07-15,https://www.your-abode.com,2
2019-07-15,http://192.168.1.24,2
2019-07-15,https://cryptographicapps.com,2
2019-07-15,https://focused-payne-a74052.netlify.com,2
2019-07-15,https://festive-minsky-399ea0.netlify.com,2
2019-07-15,https://pedantic-lumiere-b1877a.netlify.com,2
2019-07-15,http://53f5aebc.ngrok.io,2
2019-07-15,https://cafe-society-test.netlify.com,2
2019-07-15,https://sharp-jones-174451.netlify.com,2
2019-07-15,http://167.99.13.2,2
2019-07-15,https://test.stealthy.im,2
2019-07-15,http://www.stealthy.im.s3-website-us-west-2.amazonaws.com,2
2019-07-15,https://sov.organicdesign.co.nz,2
2019-07-15,http://keeperprofiles.com,2
2019-07-15,https://5d00e9d27e46a1c24b27ea79--gekri.netlify.com,2
2019-07-15,https://vibrant-mestorf-c07df8.netlify.com,2
2019-07-15,http://57c5cdf7.ngrok.io,2
2019-07-15,https://dreamy-goodall-c39a39.netlify.com,2
2019-07-15,https://eager-goodall-d3f5e2.netlify.com,2
2019-07-15,http://d8c6dc22.ngrok.io,2
2019-07-15,https://tender-darwin-76d1ac.netlify.com,2
2019-07-15,https://eloquent-blackwell-85f70c.netlify.com,2
2019-07-15,https://elegant-mestorf-759375.netlify.com,2
2019-07-15,http://cineflick.herokuapp.com,2
2019-07-15,https://wizardly-wiles-125c49.netlify.com,2
2019-07-15,https://competent-clarke-7f7d25.netlify.com,2
2019-07-15,https://festive-goldstine-7168c0.netlify.com,2
2019-07-15,http://139.59.33.95,2
2019-07-15,https://deploy-preview-19--stoic-pare-596843.netlify.com,2
2019-07-15,https://5d0a986018a4c700076242bb--block-photos.netlify.com,2
2019-07-15,https://deploy-preview-27--stoic-pare-596843.netlify.com,2
2019-07-15,https://deploy-preview-5--flamboyant-montalcini-c6aae8.netlify.com,2
2019-07-15,https://optimistic-wing-7a17ab.netlify.com,2
2019-07-15,https://awesome-goldberg-dfb7f2.netlify.com,2
2019-07-15,https://deploy-preview-58--stoic-pare-596843.netlify.com,2
2019-07-15,https://cranky-bohr-e74e2c.netlify.com,2
2019-07-15,https://friendly-goldwasser-192893.netlify.com,2
2019-07-15,https://deploy-preview-35--stoic-pare-596843.netlify.com,2
2019-07-15,https://angry-jennings-ec278d.netlify.com,2
2019-07-15,https://brave-agnesi-fc7d2b.netlify.com,2
2019-07-15,https://04a5f1dc.ngrok.io,2
2019-07-15,https://21edd90b.ngrok.io,2
2019-07-15,https://sad-golick-7cf29e.netlify.com,2
2019-07-15,https://priceless-darwin-73bdf1.netlify.com,2
2019-07-15,https://elegant-ardinghelli-75ae9a.netlify.com,2
2019-07-15,https://rtasks-staging.netlify.com,2
2019-07-15,https://confident-curran-bc4f99.netlify.com,2
2019-07-15,https://thirsty-kepler-7d0fbe.netlify.com,2
2019-07-15,https://zealous-nightingale-8d6b51.netlify.com,2
2019-07-15,https://dcms-local.brightblock.org,2
2019-07-15,https://silly-easley-34c111.netlify.com,2
2019-07-15,https://brave-wilson-8b6dc3.netlify.com,2
2019-07-15,https://wizardly-saha-6e58a2.netlify.com,2
2019-07-15,http://192.168.1.29:8080,2
2019-07-15,http://192.168.1.103:5000,2
2019-07-15,https://keen-fermi-c1e5f3.netlify.com,2
2019-07-15,https://focused-keller-6ed5ac.netlify.com,2
2019-07-15,https://nervous-beaver-d0848d.netlify.com,2
2019-07-15,https://naughty-euclid-5ef4db.netlify.com,2
2019-07-15,https://awesome-allen-b964c2.netlify.com,2
2019-07-15,https://jovial-boyd-7f5f10.netlify.com,2
2019-07-15,https://heuristic-villani-a61306.netlify.com,2
2019-07-15,https://pensive-swirles-b2da89.netlify.com,2
2019-07-15,https://eager-shockley-ad2a35.netlify.com,2
2019-07-15,https://suspicious-heisenberg-ef115b.netlify.com,2
2019-07-15,https://brave-torvalds-530c16.netlify.com,2
2019-07-15,https://goofy-fermi-447c0b.netlify.com,2
2019-07-15,https://scoge.co,2
2019-07-15,https://kind-hermann-d712d6.netlify.com,2
2019-07-15,https://5d25fba59384db0008b1b259--envelop-web.netlify.com,2
2019-07-15,https://flamboyant-beaver-c71164.netlify.com,2
2019-07-15,https://quirky-chandrasekhar-0a34ee.netlify.com,2
2019-07-15,https://pensive-raman-fd2bbf.netlify.com,2
2019-07-15,https://xenodochial-goldberg-1bc549.netlify.com,2
2019-07-15,https://banter-radiks-staging-pr-60.herokuapp.com,2
2019-07-15,https://suspicious-shockley-b6d288.netlify.com,2
2019-07-15,https://997e47be.ngrok.io,2
2019-07-15,https://hopeful-lamport-75d72a.netlify.com,2
2019-07-15,https://sleepy-chandrasekhar-f3beb4.netlify.com,2
2019-07-15,https://determined-hoover-e3a87a.netlify.com,2
2019-07-15,https://classez.xyz,2
2019-07-15,https://stupefied-galileo-a23377.netlify.com,2
2019-07-15,https://musing-allen-c4cbd0.netlify.com,2
2019-07-15,https://deploy-preview-32--envelop-web.netlify.com,2
2019-07-15,https://artus.github.io,2
2019-07-15,https://stupefied-shannon-286386.netlify.com,2
2019-07-15,http://66.155.106.108:8082,2
2019-07-15,https://raquels-animal-kingdom.netlify.com,2
2019-07-15,https://staging-dapp.web.app,2
2019-07-15,https://priceless-bhabha-3d5777.netlify.com,2
2019-07-15,https://deploy-preview-25--stoic-pare-596843.netlify.com,2
2019-07-15,https://deploy-preview-26--stoic-pare-596843.netlify.com,2
2019-07-15,https://cocky-heyrovsky-d586ee.netlify.com,2
2019-07-15,https://hopeful-blackwell-a3f249.netlify.com,2
2019-07-15,https://gallant-lewin-0565e3.netlify.com,2
2019-07-15,https://practical-wozniak-8d76bd.netlify.com,2
2019-07-15,https://trusting-mcnulty-014bea.netlify.com,2
2019-07-15,https://stoic-raman-89864e.netlify.com,2
2019-07-15,https://relaxed-ptolemy-1e8668.netlify.com,2
2019-07-15,https://tender-yalow-e16b4d.netlify.com,2
2019-07-15,https://nervous-nightingale-8054b6.netlify.com,2
2019-07-15,https://elegant-lalande-b83d6b.netlify.com,2
2019-07-15,https://competent-ramanujan-21dc0b.netlify.com,2
2019-07-15,https://gallant-feynman-7d2107.netlify.com,2
2019-07-15,https://deploy-preview-6--flamboyant-montalcini-c6aae8.netlify.com,2
2019-07-15,https://5cb777278b452d01829a86d8--stoic-pare-596843.netlify.com,2
2019-07-15,https://5d0d0c58b16bb2000722d111--flamboyant-montalcini-c6aae8.netlify.com,2
2019-07-15,https://deploy-preview-12--flamboyant-montalcini-c6aae8.netlify.com,2
2019-07-15,https://hth3-chatroom.serveo.net,1
2019-07-15,https://192.168.43.9:8443,1
2019-07-15,https://condescending-bassi-09c89c.netlify.com,1
2019-07-15,https://inspiring-minsky-09ac2d.netlify.com,1
2019-07-15,https://upbeat-wing-158214.netlify.com,1
2019-07-15,https://relaxed-albattani-59eaa5.netlify.com,1
2019-07-15,http://192.168.1.1:8080,1
2019-07-15,https://romantic-bell-7e67f2.netlify.com,1
2019-07-15,https://9054aedc.ngrok.io,1
2019-07-15,https://deploy-preview-7--sigle-app.netlify.com,1
2019-07-15,https://laughing-goldstine-172136.netlify.com,1
2019-07-15,https://foodrover.netlify.com,1
2019-07-15,https://5d08e5f581ed509bc5a89021--foodrover.netlify.com,1
2019-07-15,https://friendlyeats-7aad1.firebaseapp.com,1
2019-07-15,https://superchatbot.netlify.com,1
2019-07-15,https://festive-ritchie-b8a7ef.netlify.com,1
2019-07-15,https://01fd3e11.ngrok.io,1
2019-07-15,https://tbase.dergi-mobapp.com,1
2019-07-15,https://8080-impressassignedalligator.cdr.co,1
2019-07-15,https://9c423bfe.ngrok.io,1
2019-07-15,https://app.dailyme.ninja,1
2019-07-15,https://simple-mood-tracker-js.firebaseapp.com,1
2019-07-15,https://deploy-preview-44--stoic-pare-596843.netlify.com,1
2019-07-15,https://zen-stallman-d30f1d.netlify.com,1
2019-07-15,http://decentralized-contacts.herokuapp.com,1
2019-07-15,https://determined-mayer-5da20c.netlify.com,1
2019-07-15,https://hardcore-aryabhata-0b260e.netlify.com,1
2019-07-15,https://keen-tereshkova-6e935c.netlify.com,1
2019-07-15,https://kind-kilby-ce03ae.netlify.com,1
2019-07-15,http://www.web.stealthy.im.s3-website-us-west-1.amazonaws.com,1
2019-07-15,https://sad-wing-43c86c.netlify.com,1
2019-07-15,https://app.graphitedocs.com/,1
2019-07-15,https://innermatrix.co/:8080,1
2019-07-15,http://192.168.1.105:3000,1
2019-07-15,http://blocknote.local:4000,1
2019-07-15,https://happy-engelbart-cfe6ff.netlify.com,1
2019-07-15,https://www.lhsipdb.com:8080,1
2019-07-15,https://127.0.0.1:8080,1
2019-07-15,https://6e74214a.ngrok.io,1
2019-07-15,https://serene-wiles-7b56b6.netlify.com,1
2019-07-15,https://10.244.34.11:3010,1
2019-07-15,https://inspiring-jang-2d5df6.netlify.com,1
2019-07-15,https://hopeful-mahavira-365609.netlify.com,1
2019-07-15,https://peaceful-darwin-ee86ae.netlify.com,1
2019-07-15,https://gallant-hugle-48382a.netlify.com,1
2019-07-15,https://suspicious-kirch-b647da.netlify.com,1
2019-07-15,https://jovial-pare-94f4fc.netlify.com,1
2019-07-15,https://loving-swartz-30493b.netlify.com,1
2019-07-15,https://brave-kilby-d85264.netlify.com,1
2019-07-15,https://goofy-sinoussi-1afc6d.netlify.com,1
2019-07-15,https://gracious-kare-365cd6.netlify.com,1
2019-07-15,https://zen-easley-272102.netlify.com,1
2019-07-15,https://optimistic-spence-214556.netlify.com,1
2019-07-15,https://upbeat-shannon-273936.netlify.com,1
2019-07-15,https://focused-keller-3c0966.netlify.com,1
2019-07-15,https://objective-pare-eb520a.netlify.com,1
2019-07-15,https://thirsty-kilby-c1050f.netlify.com,1
2019-07-15,https://compassionate-beaver-b1d43f.netlify.com,1
2019-07-15,https://dazzling-boyd-56b009.netlify.com,1
2019-07-15,https://quirky-kowalevski-057243.netlify.com,1
2019-07-15,https://adoring-goodall-9cae4b.netlify.com,1
2019-07-15,https://clove.app,1
2019-07-15,http://dev.qulstamp.com:8080,1
2019-07-15,https://mern-boilerplate-nprgoirfln.now.sh,1
2019-07-15,http://139.59.33.95:8080,1
2019-07-15,https://5cbdc2511a74500007af4367--sigle-app.netlify.com,1
2019-07-15,https://confident-colden-2a5eb4.netlify.com,1
2019-07-15,http://157.230.78.12,1
2019-07-15,https://agent2222.herokuapp.com,1
2019-07-15,http://www.scoge.co,1
2019-07-15,http://scoge.co,1
2019-07-15,https://www.scoge.co,1
2019-07-15,https://nervous-raman-3b79d0.netlify.com,1
2019-07-15,https://thirsty-kepler-e0a138.netlify.com,1
2019-07-15,http://172.16.20.156:3001,1
2019-07-15,http://172.16.20.156:3000,1
2019-07-15,https://5d1662bcea6ca50009d3faeb--envelop-web.netlify.com,1
2019-07-15,https://5d1628e7b51630000880f2a7--envelop-web.netlify.com,1
2019-07-15,https://up-bloco-io.herokuapp.com,1
2019-07-15,http://lettermesh.com,1
2019-07-15,https://build.samrobbins1.now.sh,1
2019-07-15,https://optimistic-kepler-bb37b2.netlify.com,1
2019-07-15,http://192.168.1.100:3000,1
2019-07-15,https://youthful-euclid-b710c6.netlify.com,1
2019-07-15,https://titania.netlify.com,1
2019-07-15,https://keen-wescoff-38d924.netlify.com,1
2019-07-15,https://blockgram.netlify.com,1
2019-07-15,https://health-chain.appspot.com,1
2019-07-15,https://2fd4fefc.ngrok.io,1
2019-07-15,http://10.0.0.212:8080,1
2019-07-15,http://10.39.105.62:4005,1
2019-07-15,https://trusting-kirch-492433.netlify.com,1
2019-07-15,https://vigorous-mirzakhani-50318c.netlify.com,1
2019-07-15,https://keen-lovelace-72d428.netlify.com,1
2019-07-15,https://romantic-torvalds-de7fcd.netlify.com,1
2019-07-15,https://hopeful-meitner-5d0ec9.netlify.com,1
2019-07-15,https://gracious-sammet-b53d26.netlify.com,1
2019-07-15,https://distracted-hugle-28c9b2.netlify.com,1
2019-07-15,https://awesome-ardinghelli-b83e44.netlify.com,1
2019-07-15,https://gracious-jang-32a006.netlify.com,1
2019-07-15,https://practical-blackwell-cbd234.netlify.com,1
2019-07-15,https://peaceful-golick-11d1b4.netlify.com,1
2019-07-15,https://peaceful-williams-82fa66.netlify.com,1
2019-07-15,https://suspicious-booth-b797b3.netlify.com,1
2019-07-15,https://nifty-austin-b82aad.netlify.com,1
2019-07-15,http://10.196.105.155:8081,1
2019-07-15,https://infallible-thompson-6fb493.netlify.com,1
2019-07-15,https://happy-sammet-cbbe15.netlify.com,1
2019-07-15,https://adoring-bose-a0ef59.netlify.com,1
2019-07-15,https://aac.local:8080,1
2019-07-15,http://aac.local:8081,1
2019-07-15,https://boring-allen-0b1328.netlify.com,1
2019-07-15,http://blockstack-animal-kingdom.surge.sh,1
2019-07-15,https://vibrant-borg-893045.netlify.com,1
2019-07-15,https://vibrant-shannon-42ef58.netlify.com/,1
2019-07-15,https://8f1a1e87.ngrok.io,1
2019-07-15,https://thirsty-jones-a665e2.netlify.com,1
2019-07-15,https://goofy-agnesi-ab18b9.netlify.com,1
2019-07-15,http://172.17.56.161:3000,1
2019-07-15,https://xenodochial-gates-9c514b.netlify.com,1
2019-07-15,https://notes.thisismydomain.life,1
2019-07-15,http://192.168.120.142:3000,1
2019-07-15,https://develop--block-photos.netlify.com,1
2019-07-15,https://confident-northcutt-143b95.netlify.com,1
2019-07-15,https://gitstack.netlify.com,1
2019-07-15,https://pedantic-booth-c44f02.netlify.com,1
2019-07-15,https://play-blockstack-animal-kingdom.netlify.com,1
2019-07-15,https://hungry-brown-7cce75.netlify.com,1
2019-07-15,https://deploy-preview-227--animalkingdoms.netlify.com,1
2019-07-15,http://127.0.0.1:8081,1
2019-07-15,https://modest-yalow-9aa5aa.netlify.com,1
2019-07-15,https://naughty-kepler-8109fe.netlify.com,1
2019-07-15,https://5cf5e30ba559c7cfde8756b0--youthful-noether-31a48c.netlify.com,1
2019-07-15,https://mystifying-tesla-0fc17a.netlify.com,1
2019-07-15,https://stoic-hawking-dd2218.netlify.com,1
2019-07-15,https://quirky-bassi-182eff.netlify.com,1
2019-07-15,https://modest-chandrasekhar-0e9f62.netlify.com,1
2019-07-15,https://trusting-bell-22c21a.netlify.com,1
2019-07-15,https://vigilant-bohr-228d87.netlify.com,1
2019-07-15,http://mk.id.blockstack.personal.lh,1
2019-07-15,https://affectionate-jang-749b1b.netlify.com,1
2019-07-15,https://hume.brightblock.org,1
2019-07-15,https://youthful-heyrovsky-64ec1e.netlify.com,1
2019-07-15,https://admiring-swanson-d6051c.netlify.com,1
2019-07-15,https://eager-kalam-54104d.netlify.com,1
2019-07-15,https://omnikey-mike-borghi.c9users.io,1
2019-07-15,http://172.26.128.150:3000,1
2019-07-15,http://vps666517.ovh.net:3000,1
2019-07-15,https://browser.blockstack.org/,1
2019-07-15,https://trusting-clarke-973b40.netlify.com,1
2019-07-15,https://serene-thompson-70dfae.netlify.com,1
2019-07-15,https://thirsty-jang-0c0a17.netlify.com,1
2019-07-15,https://talhasch-lander.glitch.me,1
2019-07-15,https://animal-kingdom-lh.netlify.com,1
2019-07-15,https://hardcore-noether-3f52ec.netlify.com,1
2019-07-15,https://heuristic-nobel-71304b.netlify.com,1
2019-07-15,https://heuristic-franklin-f1ad06.netlify.com,1
2019-07-15,https://objective-stonebraker-c8ebf9.netlify.com,1
2019-07-15,https://keystone-sam.devx1.now.sh,1
2019-07-15,https://nervous-hamilton-b8d9e6.netlify.com,1
2019-07-15,https://brave-edison-841e6d.netlify.com,1
2019-07-15,https://4d2381e2.ngrok.io,1
2019-07-15,https://bs.onhoot.com,1
2019-07-15,https://boring-borg-980465.netlify.com,1
2019-07-15,http://cet.duckdns.org:5000,1
2019-07-15,https://kind-stonebraker-397032.netlify.com,1
2019-07-15,https://xor-gtauxdubln.now.sh,1
2019-07-15,https://spa-mat-yuhtmgsjzi.now.sh,1
2019-07-15,http://beta.fupio.com,1
2019-07-15,https://5c6b0f9bcc2dd40008c67177--priceless-raman-53e2a8.netlify.com,1
2019-07-15,https://5c6b0c3a2c38be0008182009--priceless-raman-53e2a8.netlify.com,1
2019-07-15,https://5c6a3f6e49cd4d0007d290f5--priceless-raman-53e2a8.netlify.com,1
2019-07-15,http://9e110ec9.ngrok.io,1
2019-07-15,https://pedantic-pike-2d7e57.netlify.com,1
2019-07-15,https://5c5e451e75652c000864c337--priceless-raman-53e2a8.netlify.com,1
2019-07-15,https://fupio-com.firebaseapp.com,1
2019-07-15,https://5c5e06dc03cfb90008316894--priceless-raman-53e2a8.netlify.com,1
2019-07-15,https://hungry-wright-08dca3.netlify.com,1
2019-07-15,http://192.168.130.37:3000,1
2019-07-15,https://cant-be-evil--w3b3-26bcfc.netlify.com,1
2019-07-15,https://wonderful-lewin-c900c8.netlify.com,1
2019-07-15,http://66.155.106.108:8083,1
2019-07-15,https://epic-rosalind-e579e6.netlify.com,1
2019-07-15,https://deploy-preview-41--stoic-pare-596843.netlify.com,1
2019-07-15,https://deploy-preview-50--stoic-pare-596843.netlify.com,1
2019-07-15,https://5cb629cc1d14790c5a388a97--stoic-pare-596843.netlify.com,1
2019-07-15,http://dev.qulstamp.com:5000,1
2019-07-15,http://7671a62b.ngrok.io,1
2019-07-15,http://serene-hamilton-56e88e.netlify.com,1
2019-07-15,https://banter-radiks-staging-pr-21.herokuapp.com,1
2019-07-15,http://humans.name,1
2019-07-15,https://sharp-fermi-ec89a5.netlify.com,1
2019-07-15,https://master--w3b3-26bcfc.netlify.com,1
2019-07-15,http://ee5557cb.ngrok.io,1
2019-07-15,https://dshare-blockstack.herokuapp.com/,1
2019-07-15,https://8a70acfd.ngrok.io,1
2019-07-15,http://devsite.rethink.ws,1
2019-07-15,https://www.detrade.me,1
2019-07-15,http://7f5aa0eb.ngrok.io,1
2019-07-15,https://naughty-bose-b2eb05.netlify.com,1
2019-07-15,https://5c5df82655719d0007a4a9eb--priceless-raman-53e2a8.netlify.com,1
2019-07-15,https://e1006b6e.ngrok.io,1
2019-07-15,https://www.pgeon.com,1
2019-07-15,https://d1ae800c.ngrok.io,1
2019-07-15,https://angry-jepsen-50bb19.netlify.com,1
2019-07-15,https://zen-yonath-540268.netlify.com,1
2019-07-15,https://world-needs-animals.netlify.com,1
2019-07-15,https://sad-gates-18e46b.netlify.com,1
2019-07-15,https://relaxed-borg-bb8a6b.netlify.com,1
2019-07-15,https://5c5e0a743c720f00085db898--priceless-raman-53e2a8.netlify.com,1
2019-07-15,https://www.blockstackboard.org,1
2019-07-15,https://5d0e5fe473b581ea82bdad70--notit.netlify.com,1
2019-07-15,https://sad-franklin-76643c.netlify.com,1
2019-07-15,https://confident-mayer-136514.netlify.com,1
2019-07-15,https://pedantic-keller-f32160.netlify.com,1
2019-07-15,https://pressuredev.carolkng.com,1
2019-07-15,http://18.136.106.179:5000,1
2019-07-15,https://dapp.crosscheck.paradigma.global,1
2019-07-15,https://elastic-dijkstra-9f34ef.netlify.com,1
2019-07-15,https://banter-radiks-staging-pr-19.herokuapp.com,1
2019-07-15,http://tribe-chat.herokuapp.com,1
2019-07-15,https://5c5f6d3f8864270008ab228b--priceless-raman-53e2a8.netlify.com,1
2019-07-15,https://sad-khorana-87bc92.netlify.com,1
2019-07-15,http://www.test.stealthy.im,1
2019-07-15,https://mapped-2d466.firebaseapp.com,1
2019-07-15,https://deploy-preview-28--stoic-pare-596843.netlify.com,1
2019-07-15,https://simple-pwa-1.firebaseapp.com,1
2019-07-15,https://cranky-spence-eef5f8.netlify.com,1
2019-07-15,https://192.168.0.24:8080,1
2019-07-15,https://5d1a56ccf6d3f10008042d95--block-photos.netlify.com,1
2019-07-15,https://5d1bb55d339bfc000853894a--block-photos.netlify.com,1
2019-07-15,https://focused-heyrovsky-50807d.netlify.com,1
2019-07-15,https://blockusign.co/,1
2019-07-15,https://sleepy-mcclintock-1ab7f8.netlify.com,1
2019-07-15,https://5c40b0703ab7e400092a61eb--goofy-wiles-965268.netlify.com,1
2019-07-15,https://silly-hodgkin-426a06.netlify.com,1
2019-07-15,http://35.231.45.59:1800,1
2019-07-15,https://piklink-develop.netlify.com,1
2019-07-15,https://www.charlie-allison.com,1
2019-07-15,https://2e3eafe8.ngrok.io,1
2019-07-15,https://banter-radiks-staging-pr-39.herokuapp.com,1
2019-07-15,https://peaceful-snyder-f4170a.netlify.com,1
2019-07-15,https://kind-hamilton-d33416.netlify.com,1
2019-07-15,https://eager-wilson-b61b41.netlify.com,1
2019-07-15,https://xordrive-wibmhgqzpl.now.sh,1
2019-07-15,https://angry-hamilton-cc3d71.netlify.com,1
2019-07-15,https://upbeat-dijkstra-7ac114.netlify.com,1
2019-07-15,https://nervous-heisenberg-39236a.netlify.com,1
2019-07-15,http://192.168.86.124:3002,1
2019-07-15,https://dmyblog.azurewebsites.net,1
2019-07-15,http://192.168.68.84:3000,1
2019-07-15,https://joshuaclarkwmtp.bitbucket.io,1
2019-07-15,https://deploy-preview-30--envelop-web.netlify.com,1
2019-07-15,https://micasaestucasa.herokuapp.com,1
2019-07-15,https://jovial-carson-8af6dd.netlify.com,1
2019-07-15,http://10.39.35.51:8080,1
2019-07-15,http://coet.local.com,1
2019-07-15,https://upbeat-swartz-1eda7d.netlify.com,1
2019-07-15,https://darchive.org,1
2019-07-15,https://deploy-preview-36--stoic-pare-596843.netlify.com,1
2019-07-15,https://banter-radiks-pr-17.herokuapp.com,1
2019-07-15,http://66.155.106.108,1
2019-07-15,https://zealous-villani-bb5378.netlify.com,1
2019-07-15,https://xorchat-ad0c1.firebaseapp.com,1
2019-07-15,https://app.blockvault.site,1
2019-07-15,https://onedate-pp32q7hpm.now.sh,1
2019-07-15,https://eaf90f2a.ngrok.io,1
2019-07-15,https://dailyme.ninja,1
2019-07-15,https://musing-almeida-1046f1.netlify.com,1
2019-07-15,https://6e5f4386.ngrok.io,1
2019-07-15,http://transit8.com,1
2019-07-15,https://infallible-engelbart-80ca26.netlify.com,1
2019-07-15,https://deploy-preview-33--envelop-web.netlify.com,1
2019-07-15,http://dev.clove.app,1
2019-07-15,https://elastic-ride-40df93.netlify.com,1
2019-07-15,https://micasaestucasa.ipc.now.sh,1
2019-07-15,https://18.222.91.187:8012,1
2019-07-15,https://greeninja.dynu.net,1
2019-07-15,https://piklink-staging.netlify.com,1
2019-07-15,http://chat.postly.co,1
2019-07-15,https://upbeat-ardinghelli-6fc491.netlify.com,1
2019-07-15,https://540ed3b6.ngrok.io,1
2019-07-15,https://zealous-cray-e48eb6.netlify.com,1
2019-07-15,https://priceless-villani-361d65.netlify.com,1
2019-07-15,https://quizzical-nightingale-c958af.netlify.com,1
2019-07-15,https://staging--friendly-hoover-6d2b94.netlify.com,1
2019-07-15,https://a43c84c7.ngrok.io,1
2019-07-15,https://clove-app-xxlveldvjp.now.sh,1
2019-07-15,https://dapp.crosscheck.paradigma.global:3000,1
2019-07-15,https://deploy-preview-59--stoic-pare-596843.netlify.com,1
2019-07-15,https://banter-radiks.herokuapp.com,1
2019-07-15,https://clove-app-flkvxkdndm.now.sh,1
2019-07-15,https://elated-sammet-6446f7.netlify.com,1
2019-07-15,https://wonderful-dijkstra-e4666b.netlify.com,1
2019-07-15,https://cranky-johnson-2c97c4.netlify.com,1
2019-07-15,https://hungry-liskov-cc96d8.netlify.com,1
2019-07-15,https://5d02bd2d4f6f310009bfc1a7--block-photos.netlify.com,1
2019-07-15,https://elegant-almeida-a3c7da.netlify.com,1
2019-07-15,https://clever-einstein-7faae1.netlify.com,1
2019-07-15,http://5694b2a3.ngrok.io,1
2019-07-15,https://1f9a168f.ngrok.io,1
2019-07-15,http://127.0.0.1:8000,1
2019-07-15,https://happy-hermann-b1ecb6.netlify.com,1
2019-07-15,https://benison.xyz,1
2019-07-15,https://dazzling-mclean-3dd6e2.netlify.com,1
2019-07-15,https://deploy-preview-14--priceless-raman-53e2a8.netlify.com,1
2019-07-15,https://5c6a46485463d50009952472--priceless-raman-53e2a8.netlify.com,1
2019-07-15,http://169.254.204.120:3000,1
2019-07-15,http://www.test.stealthy.im.s3-website-us-west-2.amazonaws.com,1
2019-07-15,https://6c3974c9.ngrok.io,1
2019-07-15,https://sad-jennings-01cb41.netlify.com,1
2019-07-15,https://spa-mat-dbzurisyie.now.sh,1
2019-07-15,https://blokckchainserviceapp.netlify.com,1
2019-07-15,https://festive-murdock-0fc0ae.netlify.com,1
2019-07-15,https://awesome-bartik-72cfe8.netlify.com,1
2019-07-15,https://mypublickey.ngrok.io,1
2019-07-15,https://630e7177.ngrok.io,1
2019-07-15,https://ecstatic-payne-189012.netlify.com,1
2019-07-15,https://blissful-ritchie-93c4b6.netlify.com,1
2019-07-15,https://laughing-euclid-96c31c.netlify.com,1
2019-07-15,https://5c5dfe0755719d0007a4b60e--priceless-raman-53e2a8.netlify.com,1
2019-07-15,https://banter-radiks-staging-pr-48.herokuapp.com,1
2019-07-15,https://pensive-fermat-b94acf.netlify.com,1
2019-07-15,https://admiring-colden-396cb2.netlify.com,1
2019-07-15,https://test.unpublished.app,1
2019-07-15,https://agitated-blackwell-97bd09.netlify.com,1
2019-07-15,https://2e5d98de.ngrok.io,1
2019-07-15,http://stealthy.im,1
2019-07-15,http://192.168.1.2:8081,1
2019-07-15,https://cranky-pike-399f2e.netlify.com,1
2019-07-15,https://clever-blackwell-6f8c4d.netlify.com,1
2019-07-15,https://musing-bassi-80f714.netlify.com,1
2019-07-15,http://mbusa-blockstack.ngrok.io,1
2019-07-15,https://prism.bucko.now.sh,1
2019-07-15,https://mystifying-hamilton-2ce7ad.netlify.com,1
2019-07-15,https://careerchat.co,1
2019-07-15,https://fervent-lovelace-879be0.netlify.com,1
2019-07-15,http://192.168.114.5:8080,1
2019-07-15,https://b5425d9a.ngrok.io,1
2019-07-15,https://animalkingdom.djnicholson.com,1
2019-07-15,https://v1.unpublished.app,1
2019-07-15,https://elated-archimedes-3266a0.netlify.com,1
2019-07-15,https://docblock.netlify.com,1
2019-07-15,https://silly-pasteur-753b26.netlify.com,1
2019-07-15,https://blockstack.nitinkhanna.com,1
2019-07-15,https://brave-lumiere-27e09d.netlify.com,1
2019-07-15,https://banter-radiks-staging-pr-30.herokuapp.com,1
2019-07-15,https://zinc.work,1
2019-07-15,https://vigorous-minsky-b6a469.netlify.com,1
2019-07-15,http://staging.keeperprofiles.appspot.com,1
2019-07-15,https://agitated-meitner-876cf1.netlify.com,1
2019-07-15,https://kind-hypatia-5d71d5.netlify.com,1
2019-07-15,https://paidapp-nfuxyavd3.now.sh,1
2019-07-15,https://focused-engelbart-811df4.netlify.com,1
2019-07-15,https://goofy-carson-42054b.netlify.com,1
2019-07-15,http://127.0.0.1:44095,1
2019-07-15,https://dreamy-noether-0952b6.netlify.com,1
2019-07-15,http://fupio.surge.sh,1
2019-07-15,https://blocksignal.netlify.com,1
2019-07-15,https://5d13cdc4b244b600085cf9b9--flamboyant-montalcini-c6aae8.netlify.com,1
2019-07-15,https://stoic-goldberg-0d69f0.netlify.com,1
2019-07-15,https://eloquent-lovelace-b148f0.netlify.com,1
2019-07-15,https://practical-saha-e1696e.netlify.com,1
2019-07-15,https://vibrant-kepler-d582a6.netlify.com,1
2019-07-15,https://app.block-photos.com,1
2019-07-15,https://vigorous-brattain-301374.netlify.com,1
2019-07-15,https://hopeful-noether-0883fc.netlify.com,1
2019-07-15,https://deploy-preview-21--stoic-pare-596843.netlify.com,1
2019-07-15,http://dev.qulstamp.com:8000,1
2019-07-15,http://0.0.0.0:3000,1
2019-07-15,https://7b515cde.ngrok.io,1
2019-07-15,https://b190090e.ngrok.io,1
2019-07-15,https://deploy-preview-23--flamboyant-montalcini-c6aae8.netlify.com,1
2019-07-15,https://3bddf77f.ngrok.io,1
2019-07-15,https://b08b1bb6.ngrok.io,1
2019-07-15,https://infallible-thompson-eb3211.netlify.com,1
2019-07-15,https://deploy-preview-29--stoic-pare-596843.netlify.com,1
2019-07-15,https://5d192cca9afabd00081447b9--elastic-borg-1a7142.netlify.com,1
2019-07-15,https://keen-feynman-e9f2e4.netlify.com,1
2019-07-15,https://eager-hawking-21b2a3.netlify.com,1
2019-07-15,https://5cfa4c8eab7e6502022b49d7--stoic-tereshkova-d0d003.netlify.com,1
2019-07-15,https://infallible-goldberg-0bcb2c.netlify.com,1
2019-07-15,https://5cfa558c70f9c300077b4a9d--stoic-tereshkova-d0d003.netlify.com,1
2019-07-15,https://stoic-tereshkova-d0d003.netlify.com,1
2019-07-15,https://kingdom.armujahid.me,1
2019-07-15,https://pensive-franklin-722e41.netlify.com,1
2019-07-15,https://stoic-leavitt-d86356.netlify.com,1
2019-07-15,https://keen-raman-0cdc26.netlify.com,1
2019-07-15,https://ac9ccfd4.ngrok.io,1
2019-07-15,https://elegant-kingdom.netlify.com,1
2019-07-15,http://publish2-dev.aws.mbusa.com:4503,1
2019-07-15,https://cranky-carson-208ad5.netlify.com,1
2019-07-15,https://laughing-pare-7b4420.netlify.com,1
2019-07-15,https://cineflick-frontend-dot-cineflick.appspot.com,1
2019-07-15,https://torrentsearchninja.com,1
2019-07-15,https://dmyblog.co,1
2019-07-15,https://localblockstack.net,1
2019-07-15,https://musing-meninsky-d4178e.netlify.com,1
2019-07-15,https://www.keeperprofiles.appspot.com,1
2019-07-15,https://deploy-preview-8--flamboyant-montalcini-c6aae8.netlify.com,1
2019-07-15,http://192.168.137.130:3000,1
2019-07-15,https://xenodochial-hodgkin-c6ddc8.netlify.com,1
2019-07-15,https://www.bringyourown.id,1
2019-07-15,http://aodh.xyz,1
2019-07-15,https://5c406bc0ce8674270dc6c880--charlie-allison.netlify.com,1
2019-07-15,https://kind-mccarthy-fd123f.netlify.com,1
2019-07-15,https://cocky-kepler-6cfe0b.netlify.com,1
2019-07-15,https://nervous-shirley-f86e21.netlify.com,1
2019-07-15,https://romantic-wright-331655.netlify.com,1
2019-07-15,https://10.0.10.45:8080,1
2019-07-15,https://185.85.16.242,1
2019-07-15,https://goofy-hugle-1c7113.netlify.com,1
2019-07-15,https://5d0d0f3f9e182a00085a9cb5--flamboyant-montalcini-c6aae8.netlify.com,1
2019-07-15,https://quirky-mcclintock-e6a0a7.netlify.com,1
2019-07-15,https://deploy-preview-51--stoic-pare-596843.netlify.com,1
2019-07-15,https://deploy-preview-26--envelop-web.netlify.com,1
2019-07-15,https://bottle.li,1
2019-07-15,https://pedantic-nobel-465248.netlify.com,1
2019-07-15,https://qulstamp-iatanajode.now.sh,1
2019-07-15,https://cocky-mcclintock-a6b175.netlify.com,1
2019-07-15,http://169.254.245.43:8080,1
2019-07-15,https://vigorous-tesla-487f04.netlify.com,1
2019-07-15,https://www.milalabs.org,1
2019-07-15,https://nifty-hugle-ee0065.netlify.com,1
2019-07-15,https://up.bloco.io,1
2019-07-15,https://www.test.stealthy.im,1
2019-07-15,https://agitated-shirley-0a44ca.netlify.com,1
2019-07-15,https://agitated-murdock-94c131.netlify.com,1
2019-07-15,https://www.postly.co,1
2019-07-15,https://5c6a31c57cf4c1000bf8b8e8--priceless-raman-53e2a8.netlify.com,1
2019-07-15,http://127.0.0.1:45733,1
2019-07-15,https://blissful-davinci-eda8db.netlify.com,1
2019-07-15,https://condescending-curie-b23195.netlify.com,1
2019-07-15,https://kind-hypatia-0944ae.netlify.com,1
2019-07-15,https://gracious-archimedes-72c6ff.netlify.com,1
2019-07-15,https://animal-kingdom-tutorial.netlify.com,1
2019-07-15,http://18.222.91.187:8001,1
2019-07-15,https://aac.local:8081,1
2019-07-15,https://amazing-williams-2ce016.netlify.com,1
2019-07-15,http://127.0.0.1:1234,1
2019-07-15,http://192.168.56.1:3000,1
2019-07-15,https://fantasykingdoms.netlify.com,1
2019-07-15,http://fcf832a0.ngrok.io,1
2019-07-15,https://5d0cf72b0f2c1c0008688476--flamboyant-montalcini-c6aae8.netlify.com,1
2019-07-15,https://note.riot.ai,1
2019-07-15,https://gifted-feynman-444f90.netlify.com,1
2019-07-15,https://voetjobs.eu,1
2019-07-15,https://eloquent-shockley-791c49.netlify.com,1
2019-07-15,https://dev-graphite.mandelbot.io,1
2019-07-15,https://deploy-preview-61--stoic-pare-596843.netlify.com,1
2019-07-15,https://xenodochial-perlman-eda622.netlify.com,1
2019-07-15,https://cocky-lumiere-b6a632.netlify.com,1
2019-07-15,https://loving-poincare-0faf18.netlify.com,1
2019-07-15,https://stupefied-feynman-cb57b6.netlify.com,1
2019-07-15,https://moneylog.app,1
2019-07-15,https://flamboyant-mcclintock-4de757.netlify.com,1
2019-07-15,https://wizardly-volhard-6eb234.netlify.com,1
2019-07-15,https://compassionate-fermat-7b0a0b.netlify.com,1
2019-07-15,https://app.encryptmyphotos.com,1
2019-07-15,https://deploy-preview-35--envelop-web.netlify.com,1
2019-07-15,https://hopeful-booth-6cfd63.netlify.com,1
2019-07-15,https://twoblocks.leopradel.com,1
2019-07-15,https://rocketchat.blockstack.systems,1
2019-07-15,https://utilo.co,1
2019-07-15,https://reverent-pasteur-a4900c.netlify.com,1
2019-07-15,https://5cb636f842e39b31fa40b051--stoic-pare-596843.netlify.com,1
2019-07-15,https://5d017e278a460b0008edccb5--block-photos.netlify.com,1
2019-07-15,https://deploy-preview-32--stoic-pare-596843.netlify.com,1
2019-07-15,https://5ce6f9689d249e017f9753fc--boring-ptolemy-819fbc.netlify.com,1
2019-07-15,https://2db61b4c.ngrok.io,1
2019-07-15,https://deploy-preview-60--stoic-pare-596843.netlify.com,1
2019-07-15,https://xenodochial-stonebraker-801c98.netlify.com,1
2019-07-15,https://ecstatic-villani-53a36d.netlify.com,1
2019-07-15,https://condescending-yonath-28ff9c.netlify.com,1
2019-07-15,https://practical-kare-b92e82.netlify.com,1
2019-07-15,https://deploy-preview-10--flamboyant-montalcini-c6aae8.netlify.com,1
2019-07-15,https://romantic-perlman-5483a9.netlify.com,1
2019-07-15,https://wt-c0c4a39020d4e9619a8996325cdfa5dc-0.sandbox.auth0-extend.com,1
2019-07-15,https://simba-ucefkh.c9users.io,1
2019-07-15,https://hungry-edison-8083d3.netlify.com,1
2019-07-15,https://www.emilytlam.com,1
2019-07-15,https://privy-auth.onrender.com,1
2019-07-15,https://elastic-borg-1a7142.netlify.com,1
2019-07-15,https://45715be9.ngrok.io,1
2019-07-15,https://deploy-preview-36--envelop-web.netlify.com,1
2019-07-15,https://onedate.now.sh,1
2019-07-15,https://hopeful-aryabhata-30e1d0.netlify.com,1
2019-07-15,https://fervent-tesla-6d48d7.netlify.com,1
2019-07-15,https://5d14f6779caf3e00081b1073--flamboyant-montalcini-c6aae8.netlify.com,1
2019-07-15,https://www.predictoapp.com,1
2019-07-15,https://www.aodh.xyz,1
2019-07-15,https://stackarius.blockexperiment.com,1
2019-07-15,https://banter-radiks-staging-pr-59.herokuapp.com,1
2019-07-15,https://5d0c3332fee8cf0008c92d43--flamboyant-montalcini-c6aae8.netlify.com,1
2019-07-15,https://keystone.sh,1
2019-07-15,https://5d0d1164f9aa8c0009657ad1--flamboyant-montalcini-c6aae8.netlify.com,1
2019-07-15,https://deploy-preview-7--flamboyant-montalcini-c6aae8.netlify.com,1
2019-07-15,https://scoge-agent.herokuapp.com,1
2019-07-15,https://5d0d1c3432ae800008b5232b--flamboyant-montalcini-c6aae8.netlify.com,1
2019-07-15,https://heuristic-raman-e77b97.netlify.com,1
2019-07-15,https://deploy-preview-34--envelop-web.netlify.com,1
2019-07-15,https://deploy-preview-40--envelop-web.netlify.com,1
2019-07-15,https://4108d8f9.ngrok.io,1
2019-07-15,https://block.iwanether.now.sh,1
2019-07-15,https://sharp-bhabha-8fdd4c.netlify.com,1
2019-07-15,https://affectionate-curie-90fb50.netlify.com,1
2019-07-15,https://focused-roentgen-9b4d74.netlify.com,1
2019-07-15,https://diffuse.sh,1
2019-07-15,https://careerchat.netlify.com,1
2019-07-15,https://ab7b5b7d.ngrok.io,1
2019-07-15,https://5720c4a6.ngrok.io,1
2019-07-15,https://d21babfc.ngrok.io,1
2019-07-15,https://login.blockcred.io,1
2019-07-15,https://8cfe58bd.ngrok.io,1
2019-07-15,https://stoic-pike-20eba4.netlify.com,1
2019-07-15,https://ec259fcb.ngrok.io,1
2019-07-15,http://127.0.0.1:5500,1

